{
  "metadata": {
    "version": "Agent_V2_Optimized",
    "total": 59,
    "timestamp": "2026-04-21 23:04:43"
  },
  "metrics": {
    "avg_score": 4.677966101694915,
    "hit_rate": 0.9661016949152542,
    "agreement_rate": 0.0
  }
}